Member_ID,Purchase_Date,Item,Amount_USD
1,2025-09-09,Protein Powder,28.91
1,2025-08-14,Shaker Bottle,84.26
1,2025-02-01,Membership Upgrade,113.31
1,2025-03-03,Pre-Workout,85.27
2,2025-04-08,Pre-Workout,38.47
2,2024-03-27,Shaker Bottle,61.65
2,2025-07-16,Shaker Bottle,101.32
2,2024-09-06,Protein Powder,35.84
2,2025-03-21,Membership Upgrade,106.62
3,2024-07-17,T-Shirt,73.93
3,2025-04-18,Protein Powder,119.7
3,2024-02-25,T-Shirt,93.95
3,2025-07-27,Protein Powder,48.62
3,2025-01-09,Protein Powder,88.87
3,2024-09-12,Shaker Bottle,27.82
3,2025-07-25,Membership Upgrade,41.1
3,2025-06-16,T-Shirt,58.2
3,2025-02-26,Membership Upgrade,73.67
4,2025-07-24,Membership Upgrade,28.48
4,2025-01-19,T-Shirt,95.0
4,2025-03-01,T-Shirt,53.61
4,2025-05-24,Pre-Workout,119.75
4,2025-09-09,Protein Powder,54.66
4,2025-04-10,Shaker Bottle,75.58
4,2025-09-20,T-Shirt,112.25
5,2025-01-07,Pre-Workout,49.01
5,2025-03-20,T-Shirt,109.76
5,2025-08-31,Shaker Bottle,97.5
5,2024-12-18,T-Shirt,95.98
5,2025-01-10,Shaker Bottle,106.19
5,2024-07-15,T-Shirt,72.96
5,2025-06-07,Shaker Bottle,37.7
6,2024-11-08,T-Shirt,93.58
6,2024-05-25,Shaker Bottle,70.33
7,2025-03-02,T-Shirt,85.92
7,2025-02-22,Pre-Workout,46.2
7,2024-12-31,Pre-Workout,55.4
7,2024-09-23,Membership Upgrade,71.94
7,2025-02-11,Pre-Workout,110.65
7,2024-06-20,Shaker Bottle,60.23
7,2024-04-28,Protein Powder,55.45
7,2024-09-01,Shaker Bottle,72.28
7,2024-08-24,T-Shirt,77.59
8,2025-02-10,Membership Upgrade,53.86
8,2024-03-29,Membership Upgrade,89.04
8,2024-03-31,Pre-Workout,107.31
8,2025-07-18,Pre-Workout,90.48
8,2025-09-28,Membership Upgrade,53.03
9,2025-08-19,T-Shirt,39.81
9,2025-03-20,Protein Powder,50.01
9,2025-02-07,Protein Powder,51.7
9,2025-05-10,Membership Upgrade,29.77
10,2024-06-29,T-Shirt,101.24
10,2024-10-24,Membership Upgrade,62.36
10,2024-12-23,Shaker Bottle,96.26
10,2025-01-02,T-Shirt,46.61
10,2025-04-09,Pre-Workout,51.63
10,2025-05-22,Shaker Bottle,25.1
10,2025-04-03,T-Shirt,20.24
10,2025-02-15,Pre-Workout,65.6
11,2025-08-09,T-Shirt,34.79
11,2025-05-06,Pre-Workout,44.93
11,2025-06-10,T-Shirt,98.24
11,2025-06-14,Protein Powder,31.95
11,2025-03-07,T-Shirt,57.82
12,2025-08-01,Membership Upgrade,108.23
13,2025-07-13,Pre-Workout,39.37
13,2025-06-09,T-Shirt,109.22
14,2024-03-11,T-Shirt,30.52
14,2024-03-14,Pre-Workout,49.23
15,2025-01-31,T-Shirt,54.68
15,2025-09-07,Protein Powder,93.22
15,2025-03-15,Pre-Workout,103.24
15,2024-12-03,Membership Upgrade,102.49
16,2025-06-04,T-Shirt,112.66
16,2025-09-06,T-Shirt,95.91
17,2024-11-29,Protein Powder,57.38
17,2024-03-08,Protein Powder,27.65
17,2024-01-17,Membership Upgrade,67.59
17,2025-01-27,Shaker Bottle,35.97
17,2024-05-07,Pre-Workout,22.48
17,2025-07-24,Membership Upgrade,84.52
17,2025-05-04,Pre-Workout,26.64
18,2024-04-28,T-Shirt,78.51
18,2025-02-22,Shaker Bottle,112.9
18,2025-08-05,Protein Powder,61.05
18,2024-10-26,Protein Powder,117.8
18,2024-06-09,T-Shirt,38.1
18,2024-04-12,Shaker Bottle,20.05
18,2025-01-25,Pre-Workout,96.74
19,2024-11-19,Shaker Bottle,80.94
20,2024-09-06,Membership Upgrade,111.37
20,2025-09-12,Shaker Bottle,50.73
20,2024-12-30,T-Shirt,39.18
20,2025-06-29,Protein Powder,109.11
20,2024-06-30,Pre-Workout,47.5
20,2024-11-01,T-Shirt,91.61
21,2024-10-10,T-Shirt,71.9
21,2024-06-30,Pre-Workout,94.95
21,2024-06-06,Membership Upgrade,48.15
22,2025-06-16,Shaker Bottle,81.02
22,2025-07-14,T-Shirt,71.16
22,2025-05-11,Shaker Bottle,92.04
22,2025-09-23,Protein Powder,87.59
22,2025-01-14,Pre-Workout,49.34
22,2024-10-08,Membership Upgrade,104.22
22,2024-12-13,Shaker Bottle,109.23
23,2025-01-23,Protein Powder,118.68
23,2025-08-21,Shaker Bottle,61.85
23,2025-05-26,Membership Upgrade,59.64
23,2024-12-23,Pre-Workout,117.25
23,2025-06-08,T-Shirt,49.93
23,2024-11-19,Protein Powder,53.25
23,2025-01-09,Pre-Workout,94.34
24,2024-01-21,Shaker Bottle,63.16
24,2024-12-18,T-Shirt,38.26
24,2024-10-14,Membership Upgrade,100.61
24,2024-10-20,Pre-Workout,118.59
24,2025-09-26,Membership Upgrade,61.6
24,2024-05-30,Membership Upgrade,72.45
25,2025-08-28,Pre-Workout,68.52
25,2024-11-20,Membership Upgrade,40.09
25,2025-09-17,T-Shirt,75.94
25,2025-05-12,Shaker Bottle,84.86
25,2024-12-15,Pre-Workout,33.42
26,2024-11-05,Shaker Bottle,117.08
26,2024-12-04,Pre-Workout,46.49
26,2024-10-04,Protein Powder,61.99
26,2025-05-15,Shaker Bottle,80.9
27,2025-02-26,Membership Upgrade,100.88
27,2025-08-26,Membership Upgrade,83.56
27,2025-09-06,Protein Powder,52.0
27,2025-06-09,T-Shirt,40.82
27,2025-04-14,Membership Upgrade,63.49
28,2025-03-27,Pre-Workout,52.38
28,2025-08-15,Protein Powder,46.45
28,2025-07-14,T-Shirt,26.19
28,2025-05-24,Shaker Bottle,68.58
28,2025-02-16,Protein Powder,49.89
29,2025-03-23,Membership Upgrade,41.5
29,2025-03-25,Pre-Workout,50.85
29,2025-04-13,Membership Upgrade,94.67
29,2025-09-12,Shaker Bottle,104.0
29,2025-02-21,Shaker Bottle,22.91
29,2025-08-13,Protein Powder,84.11
30,2024-10-21,Membership Upgrade,31.06
30,2025-01-19,Protein Powder,36.95
31,2024-09-23,T-Shirt,53.36
31,2024-08-10,Pre-Workout,55.91
31,2025-06-17,Protein Powder,95.05
32,2024-09-29,Protein Powder,108.56
32,2024-06-01,Membership Upgrade,79.58
32,2025-03-26,Shaker Bottle,72.72
33,2024-11-17,Membership Upgrade,116.92
33,2024-11-10,Protein Powder,60.09
33,2025-10-01,Protein Powder,22.31
33,2024-12-12,Shaker Bottle,35.72
33,2024-08-29,T-Shirt,28.43
33,2025-07-25,Membership Upgrade,92.91
33,2024-09-20,Pre-Workout,79.28
34,2025-08-31,Shaker Bottle,67.41
34,2025-03-23,Shaker Bottle,87.09
34,2025-07-28,T-Shirt,27.78
34,2024-12-11,Pre-Workout,109.12
34,2025-05-20,Membership Upgrade,85.71
34,2025-03-11,T-Shirt,92.8
34,2025-08-01,Pre-Workout,106.92
34,2025-08-19,Pre-Workout,33.74
34,2024-11-03,Shaker Bottle,100.18
34,2025-07-21,Membership Upgrade,50.21
34,2025-06-07,Pre-Workout,101.05
35,2025-04-27,T-Shirt,96.86
35,2025-01-06,Membership Upgrade,22.74
35,2025-02-26,Pre-Workout,85.56
35,2025-09-27,Membership Upgrade,88.26
36,2025-04-08,Protein Powder,61.54
36,2025-08-25,T-Shirt,87.83
36,2025-04-21,T-Shirt,84.79
36,2025-09-02,T-Shirt,73.03
36,2025-07-14,T-Shirt,31.46
36,2025-06-14,Membership Upgrade,119.53
37,2025-03-22,T-Shirt,48.96
37,2024-04-17,Pre-Workout,93.18
37,2024-01-24,T-Shirt,92.48
38,2025-09-27,Protein Powder,24.72
38,2025-05-21,Protein Powder,28.42
38,2025-03-14,Shaker Bottle,44.61
38,2025-03-02,Pre-Workout,43.83
38,2025-05-13,T-Shirt,25.53
38,2025-03-22,Pre-Workout,41.04
38,2025-03-08,T-Shirt,77.27
39,2025-09-16,Protein Powder,109.78
39,2025-03-10,Shaker Bottle,62.25
39,2025-03-08,Shaker Bottle,90.85
39,2025-02-22,Shaker Bottle,101.55
39,2025-08-10,Membership Upgrade,28.97
40,2025-03-24,Membership Upgrade,34.62
40,2025-06-20,Shaker Bottle,112.86
40,2024-12-07,Protein Powder,32.87
41,2025-09-26,T-Shirt,87.36
41,2025-09-19,Shaker Bottle,78.5
41,2025-03-27,Pre-Workout,99.36
42,2024-09-15,Pre-Workout,119.21
42,2025-04-05,Membership Upgrade,38.43
42,2025-08-23,Shaker Bottle,34.04
42,2025-08-28,Pre-Workout,89.53
42,2024-10-16,Membership Upgrade,31.17
42,2025-09-12,T-Shirt,73.38
43,2025-05-04,Membership Upgrade,108.33
43,2025-02-08,T-Shirt,101.54
43,2024-09-25,Shaker Bottle,72.87
43,2025-04-17,Membership Upgrade,64.52
43,2025-06-16,Shaker Bottle,104.39
43,2025-06-02,Membership Upgrade,102.32
43,2025-01-19,Membership Upgrade,97.48
44,2024-08-16,T-Shirt,45.66
44,2024-09-29,Membership Upgrade,101.76
44,2025-07-29,Shaker Bottle,48.61
44,2025-04-09,T-Shirt,80.51
44,2024-06-13,Shaker Bottle,74.46
44,2025-08-13,Pre-Workout,66.17
45,2025-09-21,Protein Powder,67.01
45,2024-04-27,Shaker Bottle,33.13
45,2025-07-23,Pre-Workout,105.22
45,2024-03-20,T-Shirt,51.75
45,2024-03-24,Membership Upgrade,64.96
45,2024-07-02,Shaker Bottle,69.99
46,2025-03-16,Membership Upgrade,53.81
46,2024-05-14,Pre-Workout,28.03
46,2025-09-14,Pre-Workout,92.15
46,2024-07-21,T-Shirt,76.06
46,2024-04-20,Shaker Bottle,99.66
46,2025-06-30,T-Shirt,35.63
46,2024-11-08,Membership Upgrade,92.02
46,2025-05-29,Protein Powder,75.04
46,2025-01-18,T-Shirt,84.77
47,2025-08-16,Shaker Bottle,112.33
47,2025-06-25,Membership Upgrade,95.27
47,2025-09-05,T-Shirt,43.81
47,2025-02-13,T-Shirt,93.77
47,2025-09-17,T-Shirt,31.04
48,2025-02-06,Protein Powder,95.35
48,2025-01-05,Pre-Workout,82.23
48,2025-06-20,Protein Powder,59.37
48,2024-11-26,Membership Upgrade,113.79
48,2024-12-28,Shaker Bottle,39.76
48,2025-03-04,Membership Upgrade,90.9
48,2024-09-19,Membership Upgrade,92.42
48,2025-08-09,Shaker Bottle,75.25
48,2025-05-05,T-Shirt,51.68
48,2024-12-22,T-Shirt,116.85
48,2024-12-17,T-Shirt,24.14
49,2025-02-24,Membership Upgrade,50.3
49,2025-02-12,T-Shirt,48.54
49,2024-10-20,Membership Upgrade,27.2
49,2024-05-25,Shaker Bottle,68.23
49,2025-09-22,Membership Upgrade,26.65
50,2025-03-24,T-Shirt,106.65
50,2024-08-25,T-Shirt,70.92
50,2025-03-15,Protein Powder,99.49
50,2025-08-09,Membership Upgrade,92.37
50,2025-04-13,T-Shirt,89.16
50,2024-05-27,Protein Powder,103.61
50,2024-07-18,T-Shirt,75.49
50,2024-09-15,Pre-Workout,33.69
50,2025-01-30,Shaker Bottle,85.12
51,2025-03-31,Membership Upgrade,54.69
51,2025-01-14,Membership Upgrade,113.38
51,2024-10-04,T-Shirt,77.67
51,2024-09-24,Protein Powder,58.75
51,2024-10-07,Pre-Workout,60.53
52,2025-07-17,Protein Powder,75.04
52,2025-09-15,Membership Upgrade,24.82
52,2025-09-16,T-Shirt,61.47
52,2024-07-27,Membership Upgrade,52.97
52,2025-03-07,T-Shirt,30.75
53,2024-12-26,Pre-Workout,40.21
53,2024-10-23,Membership Upgrade,39.24
53,2025-03-11,Protein Powder,53.33
53,2025-02-12,Shaker Bottle,80.01
54,2025-06-12,Protein Powder,65.95
54,2025-07-18,Pre-Workout,115.07
54,2025-04-04,Pre-Workout,94.38
54,2025-08-09,Protein Powder,33.74
54,2025-06-05,Protein Powder,44.24
54,2025-06-02,Shaker Bottle,79.49
55,2025-09-19,T-Shirt,53.33
55,2025-03-13,Pre-Workout,25.19
55,2025-04-28,T-Shirt,82.29
55,2024-12-26,Membership Upgrade,92.39
55,2024-07-18,Protein Powder,78.84
55,2025-08-01,Membership Upgrade,101.35
55,2025-05-17,Membership Upgrade,62.19
55,2024-09-19,Protein Powder,57.83
55,2024-07-20,Membership Upgrade,39.67
56,2025-08-14,T-Shirt,95.1
56,2025-01-17,Pre-Workout,73.51
56,2025-06-25,T-Shirt,62.32
56,2025-04-06,Membership Upgrade,73.44
56,2025-09-27,Pre-Workout,24.31
56,2025-09-30,Shaker Bottle,80.29
57,2025-06-27,Protein Powder,53.9
57,2025-07-13,Shaker Bottle,65.97
57,2024-08-10,Shaker Bottle,116.49
57,2025-09-20,Membership Upgrade,21.29
57,2025-06-26,Pre-Workout,96.64
57,2025-04-03,Shaker Bottle,119.99
58,2025-07-20,Membership Upgrade,95.34
58,2025-05-07,Membership Upgrade,111.25
58,2025-03-25,T-Shirt,93.9
58,2025-02-27,Protein Powder,43.99
58,2025-05-26,Membership Upgrade,26.61
58,2025-08-29,Membership Upgrade,27.29
59,2025-05-12,Shaker Bottle,79.8
59,2025-04-08,Pre-Workout,26.61
59,2024-02-24,Pre-Workout,44.48
59,2024-12-30,Pre-Workout,60.02
59,2024-10-25,T-Shirt,80.06
59,2025-03-26,Membership Upgrade,34.67
59,2024-06-01,T-Shirt,116.32
59,2025-04-20,Pre-Workout,48.47
59,2024-03-06,Pre-Workout,98.25
59,2025-04-24,Shaker Bottle,58.39
59,2025-03-25,Protein Powder,69.91
60,2025-05-24,T-Shirt,74.03
60,2025-06-10,Shaker Bottle,28.99
60,2025-05-28,Pre-Workout,26.88
60,2025-05-05,Pre-Workout,115.13
61,2025-01-19,Membership Upgrade,84.45
61,2024-11-02,T-Shirt,21.88
61,2025-02-22,Protein Powder,56.56
61,2025-06-24,Protein Powder,106.48
61,2025-08-08,Protein Powder,119.37
62,2025-06-05,Membership Upgrade,112.55
62,2025-07-24,T-Shirt,86.63
62,2024-10-21,Protein Powder,111.72
63,2025-05-25,Pre-Workout,101.43
63,2024-03-25,Pre-Workout,76.09
63,2024-03-19,Pre-Workout,59.52
63,2025-01-05,Membership Upgrade,24.91
64,2025-09-07,Protein Powder,51.91
64,2024-12-14,T-Shirt,60.0
64,2025-04-15,Protein Powder,112.35
64,2024-10-05,Pre-Workout,24.87
65,2024-08-25,Protein Powder,24.81
65,2024-02-24,T-Shirt,80.96
65,2025-04-27,Pre-Workout,83.26
65,2024-08-07,T-Shirt,85.93
65,2024-05-05,Protein Powder,90.77
66,2024-11-10,Membership Upgrade,72.63
66,2025-08-02,Pre-Workout,54.06
67,2025-03-21,Membership Upgrade,81.11
67,2025-07-13,T-Shirt,103.45
67,2025-06-19,Protein Powder,42.79
67,2025-01-09,Shaker Bottle,39.1
67,2025-09-14,Membership Upgrade,106.01
67,2024-10-23,Membership Upgrade,106.04
67,2025-03-03,Membership Upgrade,35.73
67,2025-01-20,Shaker Bottle,108.65
67,2025-03-09,Shaker Bottle,46.79
68,2025-03-31,Protein Powder,96.16
68,2025-04-16,Membership Upgrade,102.13
68,2025-06-17,T-Shirt,24.46
68,2025-07-29,Shaker Bottle,116.65
69,2025-01-29,Membership Upgrade,64.55
69,2025-03-30,Membership Upgrade,99.56
69,2025-09-23,Membership Upgrade,25.95
69,2025-02-06,Membership Upgrade,88.4
69,2025-03-16,Shaker Bottle,86.66
69,2025-08-18,Membership Upgrade,74.12
70,2025-08-31,Shaker Bottle,27.85
70,2025-02-12,Protein Powder,101.63
70,2025-07-06,T-Shirt,43.87
70,2024-12-20,Pre-Workout,70.98
70,2025-02-18,T-Shirt,28.17
71,2025-05-20,Pre-Workout,94.64
71,2025-05-15,Protein Powder,20.54
71,2024-08-19,Membership Upgrade,60.06
71,2024-12-18,Membership Upgrade,102.99
71,2025-04-03,Pre-Workout,68.8
71,2025-01-11,Protein Powder,29.4
71,2024-11-01,Shaker Bottle,46.12
72,2025-07-07,Membership Upgrade,92.76
72,2025-06-02,Protein Powder,74.43
72,2025-07-09,Pre-Workout,34.96
72,2025-03-11,Protein Powder,97.51
72,2024-12-29,T-Shirt,106.89
72,2024-12-06,Shaker Bottle,76.25
73,2024-04-16,Pre-Workout,99.62
73,2025-06-02,T-Shirt,119.58
73,2024-12-09,T-Shirt,66.96
73,2024-07-08,Pre-Workout,102.1
73,2025-09-19,Shaker Bottle,37.7
74,2025-07-18,T-Shirt,67.38
75,2024-06-03,Protein Powder,32.85
75,2025-01-16,Shaker Bottle,78.96
75,2024-11-09,Protein Powder,60.24
75,2024-07-10,Protein Powder,53.06
76,2024-04-18,Shaker Bottle,79.96
76,2024-10-29,Protein Powder,58.98
76,2024-04-04,Membership Upgrade,86.84
76,2024-02-26,Pre-Workout,42.14
76,2024-07-01,T-Shirt,38.47
76,2025-05-25,T-Shirt,100.57
77,2025-07-04,Pre-Workout,40.51
77,2025-02-14,Shaker Bottle,74.15
77,2025-03-19,Pre-Workout,118.85
77,2025-03-25,Shaker Bottle,67.94
77,2025-04-18,Shaker Bottle,96.48
78,2025-01-12,Pre-Workout,53.85
78,2025-07-08,Membership Upgrade,34.87
78,2025-01-03,Pre-Workout,22.33
78,2025-07-26,Membership Upgrade,60.33
78,2024-07-20,Shaker Bottle,47.35
78,2025-01-10,Pre-Workout,37.01
78,2025-09-03,Protein Powder,21.25
79,2025-02-26,Pre-Workout,54.2
79,2025-05-02,Pre-Workout,45.87
79,2025-08-12,Shaker Bottle,62.88
79,2025-05-09,Membership Upgrade,40.13
79,2025-07-18,Pre-Workout,30.37
79,2025-04-15,Pre-Workout,57.01
79,2025-07-14,Protein Powder,77.65
80,2024-05-31,T-Shirt,60.54
81,2024-07-24,Membership Upgrade,42.27
81,2025-09-08,Membership Upgrade,98.44
81,2025-02-12,Pre-Workout,57.61
81,2025-05-14,Pre-Workout,67.26
81,2024-03-31,Pre-Workout,119.12
82,2025-07-26,Protein Powder,43.5
82,2025-07-19,T-Shirt,67.89
82,2025-04-03,Protein Powder,69.6
82,2025-05-05,T-Shirt,97.93
82,2025-06-14,Shaker Bottle,97.87
82,2025-05-12,Shaker Bottle,42.97
83,2024-09-13,T-Shirt,93.98
83,2024-07-21,Shaker Bottle,84.25
83,2024-07-22,Protein Powder,96.56
84,2024-11-09,T-Shirt,77.46
84,2025-08-22,T-Shirt,105.49
84,2025-01-01,Protein Powder,115.39
84,2025-08-31,Membership Upgrade,116.54
84,2024-05-06,Pre-Workout,35.76
85,2024-07-24,Pre-Workout,77.12
85,2024-12-16,T-Shirt,92.22
85,2025-01-12,Protein Powder,38.17
85,2025-07-31,Shaker Bottle,47.36
85,2024-09-08,Pre-Workout,91.5
85,2024-08-02,Membership Upgrade,32.22
85,2024-09-21,Membership Upgrade,61.85
85,2024-10-01,Protein Powder,68.35
85,2024-10-23,Pre-Workout,106.35
85,2024-07-17,Shaker Bottle,84.23
85,2025-05-26,T-Shirt,93.97
86,2024-05-29,T-Shirt,82.95
86,2024-07-12,Pre-Workout,60.36
86,2025-01-26,Shaker Bottle,31.05
87,2025-05-03,T-Shirt,48.77
87,2024-08-25,Shaker Bottle,40.98
87,2024-11-30,Pre-Workout,76.98
87,2024-11-16,Shaker Bottle,78.24
87,2025-07-04,Pre-Workout,31.13
87,2024-12-01,Pre-Workout,76.09
87,2025-08-31,Membership Upgrade,104.88
87,2025-04-18,Shaker Bottle,110.87
88,2024-12-18,Shaker Bottle,52.07
89,2025-08-02,Protein Powder,56.76
89,2025-05-29,Membership Upgrade,106.32
89,2025-03-23,T-Shirt,119.59
89,2025-08-13,Shaker Bottle,112.18
90,2025-07-28,Protein Powder,115.2
90,2025-09-15,Pre-Workout,28.97
90,2025-09-05,Protein Powder,109.39
90,2025-03-14,T-Shirt,108.04
90,2025-01-15,Protein Powder,53.64
91,2024-10-02,Shaker Bottle,39.23
91,2025-09-09,Pre-Workout,82.67
91,2025-08-16,Protein Powder,89.1
91,2024-08-21,Pre-Workout,22.11
91,2024-12-30,Pre-Workout,90.41
92,2024-10-30,T-Shirt,53.44
92,2024-10-18,Protein Powder,107.25
92,2025-02-16,Pre-Workout,85.37
92,2025-01-26,Membership Upgrade,52.66
93,2024-08-21,Pre-Workout,43.78
93,2024-08-16,Membership Upgrade,78.95
93,2024-10-17,Pre-Workout,110.32
93,2024-08-23,Pre-Workout,89.07
93,2024-08-02,Shaker Bottle,103.39
94,2025-03-19,Pre-Workout,117.42
94,2024-12-09,Pre-Workout,119.77
94,2025-08-29,T-Shirt,45.62
96,2025-07-30,Pre-Workout,69.01
96,2024-06-25,T-Shirt,72.14
96,2024-06-05,Pre-Workout,93.16
96,2024-12-18,Pre-Workout,31.17
96,2024-11-25,T-Shirt,101.97
96,2025-05-06,Membership Upgrade,82.37
96,2025-05-19,Pre-Workout,30.24
97,2025-07-07,T-Shirt,23.3
97,2025-09-28,Pre-Workout,29.48
97,2025-03-31,Protein Powder,84.18
98,2024-12-23,Pre-Workout,38.4
99,2025-05-03,Shaker Bottle,41.75
99,2025-09-29,Pre-Workout,108.76
99,2025-01-26,Protein Powder,43.0
99,2024-12-31,Membership Upgrade,79.83
99,2025-02-14,Protein Powder,77.79
100,2024-07-08,T-Shirt,109.19
100,2025-09-05,Shaker Bottle,72.25
100,2024-06-06,T-Shirt,116.05
100,2025-03-07,Protein Powder,41.04
101,2025-05-30,T-Shirt,83.38
101,2025-08-17,Pre-Workout,56.17
102,2025-07-02,Protein Powder,28.46
102,2025-07-20,Shaker Bottle,20.77
102,2024-11-29,T-Shirt,38.55
102,2025-02-14,Shaker Bottle,114.38
103,2024-11-05,Protein Powder,72.97
104,2025-06-07,T-Shirt,52.82
105,2025-05-04,Shaker Bottle,30.13
105,2025-09-05,T-Shirt,24.82
105,2025-01-18,Pre-Workout,107.08
106,2024-07-16,Membership Upgrade,77.69
106,2025-04-25,T-Shirt,113.53
106,2024-05-19,Shaker Bottle,35.4
106,2025-02-08,Membership Upgrade,82.35
107,2024-09-06,Shaker Bottle,26.98
107,2025-04-27,Membership Upgrade,43.86
107,2025-08-04,Membership Upgrade,110.09
107,2024-12-17,Shaker Bottle,50.55
107,2025-06-17,Protein Powder,66.81
107,2024-04-21,Membership Upgrade,75.56
107,2025-05-24,T-Shirt,45.92
108,2025-08-15,Pre-Workout,57.2
108,2024-09-04,Membership Upgrade,96.51
108,2025-01-19,Pre-Workout,40.79
109,2024-12-09,Membership Upgrade,46.09
109,2024-11-10,Protein Powder,66.9
109,2025-03-07,T-Shirt,51.09
110,2024-08-02,Membership Upgrade,27.83
110,2025-05-04,Shaker Bottle,90.08
110,2025-06-25,T-Shirt,90.35
110,2024-11-04,Pre-Workout,59.02
111,2025-07-29,Protein Powder,34.04
111,2025-04-20,Pre-Workout,98.83
111,2025-02-19,Protein Powder,116.47
112,2025-09-17,T-Shirt,25.47
112,2025-03-21,Membership Upgrade,44.59
112,2025-01-24,Protein Powder,106.36
112,2025-03-25,Shaker Bottle,27.04
112,2025-04-05,Membership Upgrade,35.19
112,2025-03-29,Pre-Workout,102.37
113,2025-01-23,Membership Upgrade,89.64
113,2024-12-15,T-Shirt,107.51
113,2025-09-03,Shaker Bottle,106.91
114,2025-05-06,Pre-Workout,82.99
114,2024-09-30,T-Shirt,68.61
114,2024-12-16,T-Shirt,65.21
114,2024-12-21,Shaker Bottle,116.4
114,2025-02-15,Pre-Workout,49.67
114,2025-06-12,Shaker Bottle,101.49
114,2025-03-23,Protein Powder,70.14
114,2024-05-27,Membership Upgrade,101.36
115,2025-08-04,T-Shirt,61.69
115,2025-09-30,T-Shirt,77.92
115,2024-12-25,Protein Powder,36.46
116,2025-03-29,Pre-Workout,41.51
116,2025-07-03,Shaker Bottle,49.49
116,2024-07-14,T-Shirt,98.99
116,2025-06-30,Membership Upgrade,61.51
116,2025-09-25,Protein Powder,27.66
116,2024-06-25,Pre-Workout,64.73
117,2025-08-14,Pre-Workout,71.54
117,2025-09-16,Protein Powder,82.02
117,2025-05-12,Membership Upgrade,55.26
118,2025-05-12,T-Shirt,111.45
118,2025-08-10,Shaker Bottle,41.95
118,2025-07-18,T-Shirt,117.06
118,2025-05-21,T-Shirt,72.61
119,2025-05-16,Membership Upgrade,97.15
119,2025-03-06,Membership Upgrade,70.45
119,2025-05-15,Shaker Bottle,57.95
119,2025-07-23,T-Shirt,59.98
119,2025-03-20,T-Shirt,57.85
119,2025-05-21,Shaker Bottle,104.59
119,2025-02-07,Pre-Workout,91.34
120,2024-08-06,Membership Upgrade,102.58
120,2024-05-10,Protein Powder,62.93
120,2024-11-20,Pre-Workout,112.57
120,2025-01-07,T-Shirt,40.35
120,2024-07-10,Shaker Bottle,35.91
120,2024-10-30,T-Shirt,60.97
121,2024-12-28,T-Shirt,56.41
121,2025-01-12,Protein Powder,113.99
121,2025-08-13,Membership Upgrade,99.26
121,2025-03-31,Membership Upgrade,91.27
121,2025-05-19,Protein Powder,72.02
122,2025-04-18,T-Shirt,30.57
122,2025-04-24,T-Shirt,34.43
122,2025-07-02,Membership Upgrade,49.74
122,2025-08-12,Pre-Workout,41.35
122,2025-06-29,Shaker Bottle,92.32
122,2025-06-01,Pre-Workout,77.5
122,2025-06-19,Protein Powder,30.75
122,2025-05-10,Protein Powder,35.43
122,2025-04-22,Membership Upgrade,48.39
122,2025-07-10,Pre-Workout,60.02
123,2024-07-08,Shaker Bottle,67.15
123,2024-04-02,T-Shirt,114.11
123,2025-07-29,Membership Upgrade,111.57
123,2024-12-22,Shaker Bottle,25.69
123,2024-12-17,Shaker Bottle,69.16
123,2024-06-23,Protein Powder,24.74
123,2025-08-01,Membership Upgrade,82.77
124,2025-06-06,T-Shirt,116.37
124,2025-04-11,Shaker Bottle,86.04
124,2025-04-23,Protein Powder,66.83
124,2025-07-24,Shaker Bottle,47.77
124,2025-09-14,Shaker Bottle,66.97
125,2024-07-10,Membership Upgrade,40.35
125,2025-05-13,Protein Powder,119.45
125,2024-10-15,Protein Powder,74.18
125,2025-05-23,Shaker Bottle,51.34
125,2025-04-05,Shaker Bottle,24.73
126,2025-02-17,Pre-Workout,49.11
126,2025-05-13,Pre-Workout,79.51
126,2024-10-03,Protein Powder,29.82
126,2024-11-07,Pre-Workout,71.24
126,2025-05-31,Shaker Bottle,75.64
127,2024-12-15,T-Shirt,86.78
127,2024-09-27,Shaker Bottle,38.74
127,2024-10-10,Pre-Workout,96.85
127,2025-04-04,Protein Powder,102.69
128,2025-04-23,Membership Upgrade,31.04
128,2024-08-31,Membership Upgrade,25.86
128,2025-03-29,Protein Powder,23.77
128,2025-02-19,Membership Upgrade,49.25
128,2025-06-15,Pre-Workout,82.09
129,2024-11-18,T-Shirt,72.18
129,2025-02-14,Protein Powder,44.47
129,2025-07-01,Pre-Workout,86.97
129,2025-09-13,Shaker Bottle,102.54
129,2024-08-11,Protein Powder,95.11
129,2024-09-18,Protein Powder,28.35
129,2024-05-22,Protein Powder,73.98
130,2025-02-10,Membership Upgrade,47.21
130,2025-03-13,T-Shirt,81.66
130,2025-01-02,Shaker Bottle,110.88
131,2025-04-03,Membership Upgrade,74.36
132,2025-01-31,Shaker Bottle,86.99
132,2025-01-19,Protein Powder,101.3
132,2025-05-09,Protein Powder,20.36
132,2024-06-17,T-Shirt,71.51
132,2025-04-20,Shaker Bottle,67.85
132,2025-03-18,Pre-Workout,88.93
132,2025-02-03,Pre-Workout,46.04
133,2024-09-26,Membership Upgrade,20.97
133,2024-09-24,Shaker Bottle,53.39
133,2025-08-06,Membership Upgrade,27.57
133,2025-05-30,T-Shirt,93.49
133,2025-04-13,Shaker Bottle,93.58
133,2024-12-12,Pre-Workout,101.87
133,2025-07-04,Membership Upgrade,52.74
133,2024-05-11,T-Shirt,69.58
134,2025-05-31,Protein Powder,27.32
134,2025-08-05,Protein Powder,23.94
134,2025-01-12,Pre-Workout,80.48
134,2025-06-15,Protein Powder,72.07
135,2025-06-28,Membership Upgrade,71.68
135,2025-06-10,T-Shirt,101.72
135,2024-12-14,T-Shirt,80.36
136,2025-03-16,Membership Upgrade,72.82
136,2025-02-24,Pre-Workout,111.75
136,2025-04-08,Pre-Workout,81.69
137,2025-06-10,T-Shirt,51.11
137,2025-03-18,T-Shirt,36.46
137,2025-07-28,Pre-Workout,37.09
138,2025-02-13,Membership Upgrade,61.96
138,2025-03-02,Protein Powder,78.42
138,2025-01-18,Membership Upgrade,86.63
138,2025-08-01,Membership Upgrade,58.01
138,2024-10-14,T-Shirt,61.21
139,2025-07-28,Pre-Workout,93.99
139,2025-08-28,Shaker Bottle,70.78
139,2024-04-23,Shaker Bottle,116.57
139,2025-07-27,Protein Powder,27.03
139,2025-05-19,Protein Powder,75.66
139,2024-08-16,Shaker Bottle,41.79
139,2025-05-05,Membership Upgrade,27.81
139,2024-12-24,Protein Powder,26.84
140,2024-10-07,T-Shirt,22.34
140,2024-05-26,Protein Powder,81.02
140,2025-03-05,Membership Upgrade,61.88
140,2025-01-23,Pre-Workout,105.29
140,2024-08-07,T-Shirt,54.92
140,2024-08-11,T-Shirt,28.23
140,2024-12-18,Protein Powder,69.61
141,2024-11-03,Pre-Workout,20.04
141,2025-02-16,T-Shirt,69.91
142,2024-10-08,Pre-Workout,88.71
142,2024-12-26,Pre-Workout,84.34
142,2024-10-26,T-Shirt,65.78
142,2025-03-04,Pre-Workout,67.55
142,2024-11-15,Shaker Bottle,28.81
142,2024-12-16,Protein Powder,47.2
143,2025-07-27,Pre-Workout,106.56
144,2025-05-29,Membership Upgrade,25.32
144,2025-01-07,T-Shirt,53.72
144,2025-04-06,Protein Powder,26.19
145,2024-10-14,Pre-Workout,46.88
145,2024-12-28,Pre-Workout,39.64
146,2025-04-16,Protein Powder,109.85
146,2024-10-26,Protein Powder,86.41
146,2025-03-05,Shaker Bottle,84.55
146,2025-06-08,Shaker Bottle,78.41
146,2024-11-02,Pre-Workout,88.79
146,2025-07-07,Membership Upgrade,40.0
146,2025-01-09,Pre-Workout,34.75
147,2025-01-24,Pre-Workout,92.1
147,2025-05-20,T-Shirt,88.49
147,2025-02-04,Protein Powder,113.2
147,2025-05-15,Pre-Workout,82.31
147,2025-02-27,Membership Upgrade,106.22
148,2025-04-20,Membership Upgrade,61.22
148,2025-01-03,Protein Powder,93.29
149,2025-06-04,T-Shirt,108.08
149,2024-12-07,Membership Upgrade,70.51
149,2025-09-16,T-Shirt,49.71
149,2024-09-14,T-Shirt,84.67
150,2025-08-06,Membership Upgrade,66.61
150,2025-09-11,Shaker Bottle,114.31
150,2025-02-27,Protein Powder,105.4
150,2025-05-03,Pre-Workout,111.58
150,2025-07-28,Membership Upgrade,117.4
150,2025-08-02,Pre-Workout,87.37
150,2025-06-08,T-Shirt,87.71
151,2025-07-25,Protein Powder,44.91
151,2025-02-24,T-Shirt,74.67
151,2024-10-03,Membership Upgrade,44.59
151,2025-05-15,Pre-Workout,49.97
151,2025-03-26,T-Shirt,74.26
151,2024-12-17,Membership Upgrade,44.81
152,2025-08-15,T-Shirt,82.98
152,2025-04-27,Membership Upgrade,49.0
152,2024-10-20,Membership Upgrade,82.64
152,2025-05-11,Protein Powder,92.43
152,2024-10-24,Shaker Bottle,34.94
152,2024-10-03,Membership Upgrade,33.52
152,2024-11-18,Pre-Workout,76.36
153,2025-01-26,Shaker Bottle,35.34
153,2025-05-05,Pre-Workout,77.61
153,2024-07-15,Protein Powder,54.42
153,2024-10-30,T-Shirt,70.17
154,2024-05-28,Shaker Bottle,43.47
154,2025-04-06,Protein Powder,47.91
154,2025-07-16,Pre-Workout,96.08
154,2025-08-25,T-Shirt,105.52
155,2025-01-24,Pre-Workout,72.36
155,2025-03-19,Protein Powder,116.41
155,2025-09-01,T-Shirt,90.17
155,2024-10-02,Shaker Bottle,45.32
155,2025-03-10,Shaker Bottle,116.28
156,2025-06-03,Pre-Workout,94.16
156,2024-10-02,Protein Powder,58.84
156,2025-04-09,Pre-Workout,26.76
156,2025-02-05,Pre-Workout,57.38
156,2025-06-21,Protein Powder,67.74
157,2024-11-27,Pre-Workout,46.65
157,2025-03-03,Protein Powder,86.11
157,2024-09-18,Pre-Workout,76.7
157,2024-03-12,Membership Upgrade,46.33
157,2024-09-03,Pre-Workout,91.49
157,2025-01-13,Membership Upgrade,76.92
158,2025-09-25,Shaker Bottle,50.04
158,2025-07-22,Shaker Bottle,60.69
159,2024-11-24,T-Shirt,22.43
159,2024-08-09,Protein Powder,106.38
159,2025-01-11,Protein Powder,24.76
159,2024-04-20,Shaker Bottle,102.57
159,2024-12-05,Protein Powder,61.99
159,2025-08-28,Shaker Bottle,61.99
159,2025-01-20,Membership Upgrade,65.73
160,2025-09-09,Protein Powder,87.26
160,2024-08-08,T-Shirt,104.84
160,2024-04-05,Shaker Bottle,36.47
160,2024-02-29,T-Shirt,20.23
160,2025-05-26,Membership Upgrade,62.6
160,2024-11-12,Membership Upgrade,68.73
161,2025-08-21,Shaker Bottle,26.78
161,2025-09-09,Shaker Bottle,68.01
161,2024-08-27,T-Shirt,68.6
161,2024-07-12,T-Shirt,41.96
161,2025-07-24,Membership Upgrade,50.74
161,2025-01-31,Protein Powder,47.21
162,2025-06-08,Protein Powder,49.49
162,2024-11-23,Protein Powder,32.83
163,2024-10-10,Shaker Bottle,48.02
163,2024-04-30,Shaker Bottle,73.24
163,2024-04-18,Membership Upgrade,117.99
163,2024-08-16,T-Shirt,65.94
163,2025-02-22,Shaker Bottle,28.05
164,2025-02-10,Shaker Bottle,118.21
164,2025-08-12,Membership Upgrade,38.83
164,2025-04-26,Shaker Bottle,78.87
164,2025-05-02,Membership Upgrade,100.85
164,2025-08-21,Shaker Bottle,64.65
164,2025-02-17,Shaker Bottle,60.47
164,2025-06-09,Membership Upgrade,87.7
164,2025-08-08,Pre-Workout,60.59
165,2025-07-28,Protein Powder,100.76
165,2025-09-22,Pre-Workout,52.09
166,2025-04-02,Shaker Bottle,72.76
166,2024-11-16,Protein Powder,57.89
166,2024-08-15,Protein Powder,108.39
166,2025-01-17,Membership Upgrade,44.95
166,2024-12-20,Membership Upgrade,79.77
167,2025-08-31,T-Shirt,49.67
167,2025-04-05,Pre-Workout,60.5
167,2025-06-01,Protein Powder,20.31
168,2025-05-29,Pre-Workout,61.17
168,2025-04-09,Pre-Workout,77.26
168,2025-08-25,Pre-Workout,39.4
168,2024-12-23,Membership Upgrade,50.71
168,2025-07-29,T-Shirt,52.58
168,2025-03-06,Pre-Workout,113.66
169,2025-10-01,Membership Upgrade,61.37
169,2025-03-04,Shaker Bottle,67.3
169,2025-05-29,T-Shirt,88.11
169,2025-07-11,T-Shirt,36.8
169,2024-09-01,T-Shirt,83.74
170,2025-09-10,Protein Powder,95.72
170,2025-04-01,Protein Powder,104.47
170,2025-03-03,T-Shirt,94.17
170,2025-07-14,Membership Upgrade,24.98
170,2025-09-27,Shaker Bottle,81.92
170,2025-05-14,Pre-Workout,65.01
170,2025-06-24,T-Shirt,114.99
171,2025-09-14,Pre-Workout,65.97
171,2025-04-24,T-Shirt,104.92
171,2025-04-18,Pre-Workout,85.95
171,2025-08-31,T-Shirt,45.03
171,2025-07-26,Shaker Bottle,50.91
172,2025-08-07,Pre-Workout,99.84
172,2025-09-28,T-Shirt,83.11
172,2024-09-26,Membership Upgrade,83.93
172,2024-12-24,Protein Powder,89.45
172,2024-12-13,Protein Powder,111.34
173,2025-04-02,Shaker Bottle,58.93
173,2024-10-02,T-Shirt,61.8
173,2025-07-31,Shaker Bottle,21.44
173,2025-07-04,Pre-Workout,33.63
173,2025-05-21,Membership Upgrade,111.07
174,2025-01-31,Shaker Bottle,55.73
174,2025-09-30,Protein Powder,49.05
174,2024-11-27,T-Shirt,60.59
174,2025-08-24,Protein Powder,36.15
174,2024-05-18,Pre-Workout,116.64
174,2024-12-13,Pre-Workout,68.37
174,2025-06-15,T-Shirt,81.13
175,2025-07-15,T-Shirt,73.45
175,2025-05-18,Protein Powder,107.03
175,2025-01-12,Shaker Bottle,107.83
175,2025-07-24,Shaker Bottle,26.59
175,2025-09-17,Membership Upgrade,20.83
176,2025-08-17,T-Shirt,93.84
176,2024-04-01,T-Shirt,22.91
176,2024-01-14,Pre-Workout,59.79
176,2024-10-30,Protein Powder,118.29
177,2025-07-21,Pre-Workout,106.99
177,2025-02-13,Shaker Bottle,119.7
177,2024-12-26,Pre-Workout,47.09
178,2025-04-07,Protein Powder,33.44
178,2025-03-10,Membership Upgrade,90.6
178,2025-09-09,Pre-Workout,79.54
178,2025-03-27,T-Shirt,34.69
178,2025-01-07,Shaker Bottle,86.48
179,2024-12-03,Pre-Workout,83.94
179,2024-05-15,Shaker Bottle,113.64
179,2024-04-07,Protein Powder,77.81
179,2024-08-21,Membership Upgrade,87.13
180,2025-09-10,Pre-Workout,114.56
180,2025-02-11,Shaker Bottle,75.62
180,2025-06-10,Membership Upgrade,78.18
180,2025-09-28,Membership Upgrade,99.03
180,2025-06-30,Protein Powder,57.13
180,2025-06-26,T-Shirt,77.59
180,2025-02-12,Pre-Workout,35.07
180,2025-05-12,Shaker Bottle,112.07
181,2024-11-07,Pre-Workout,95.99
181,2025-03-03,Protein Powder,53.42
181,2024-10-05,Membership Upgrade,23.33
181,2025-01-25,T-Shirt,89.21
181,2024-10-19,T-Shirt,38.87
181,2024-11-17,Pre-Workout,68.35
181,2025-04-20,Shaker Bottle,25.35
182,2025-04-26,T-Shirt,95.95
183,2024-12-04,T-Shirt,37.81
183,2025-08-30,Shaker Bottle,55.43
184,2025-05-17,Pre-Workout,111.05
184,2025-04-11,Shaker Bottle,98.23
184,2025-03-21,Pre-Workout,67.13
184,2025-09-07,Pre-Workout,75.9
184,2025-07-11,T-Shirt,81.14
184,2025-09-20,Pre-Workout,115.52
184,2025-06-28,T-Shirt,74.71
185,2025-01-18,Protein Powder,43.01
185,2024-12-14,Protein Powder,44.32
185,2025-05-04,Shaker Bottle,50.18
185,2025-06-19,T-Shirt,87.11
185,2025-07-17,Shaker Bottle,30.35
185,2025-01-09,T-Shirt,94.92
185,2025-05-13,Pre-Workout,76.46
185,2025-08-19,Protein Powder,111.55
186,2024-09-27,T-Shirt,67.16
186,2024-11-24,Shaker Bottle,96.41
186,2024-11-17,Membership Upgrade,26.29
187,2024-07-29,Pre-Workout,38.09
187,2025-08-25,T-Shirt,65.21
187,2024-07-14,Membership Upgrade,45.04
187,2025-04-08,Protein Powder,57.72
188,2025-07-13,T-Shirt,118.67
188,2025-03-02,Pre-Workout,107.13
188,2024-08-16,Pre-Workout,93.47
188,2024-12-30,Membership Upgrade,91.16
189,2024-11-01,Shaker Bottle,74.65
189,2025-04-26,T-Shirt,48.68
189,2025-06-12,Protein Powder,32.51
190,2024-06-26,Protein Powder,77.71
190,2025-07-24,Protein Powder,88.69
190,2025-07-30,Membership Upgrade,35.59
191,2024-12-02,Protein Powder,51.61
191,2024-10-04,Pre-Workout,76.92
191,2025-03-24,Membership Upgrade,101.46
191,2024-09-24,T-Shirt,113.99
192,2024-07-10,Pre-Workout,67.14
192,2025-08-01,T-Shirt,73.66
192,2024-01-25,T-Shirt,55.98
192,2024-04-29,Protein Powder,92.15
193,2025-04-24,Protein Powder,23.5
193,2025-02-25,Shaker Bottle,88.3
193,2025-09-30,T-Shirt,92.51
194,2025-08-05,Protein Powder,49.53
194,2025-06-03,Membership Upgrade,57.99
195,2025-09-18,Protein Powder,114.04
195,2025-08-09,Pre-Workout,63.09
195,2025-06-30,Protein Powder,50.07
195,2024-11-08,Pre-Workout,27.03
195,2024-08-07,Protein Powder,62.97
195,2025-01-06,T-Shirt,93.81
196,2025-03-20,T-Shirt,109.03
196,2025-05-03,Shaker Bottle,61.17
197,2025-05-19,T-Shirt,80.59
197,2025-02-03,Protein Powder,56.34
197,2025-09-19,T-Shirt,70.49
197,2025-05-27,Pre-Workout,32.94
198,2025-05-04,Membership Upgrade,77.95
198,2025-05-21,Membership Upgrade,114.6
198,2024-04-16,T-Shirt,117.38
198,2025-07-19,Shaker Bottle,94.9
198,2025-01-07,Shaker Bottle,119.78
198,2025-01-25,Pre-Workout,112.49
199,2025-01-31,T-Shirt,37.65
199,2025-06-30,Protein Powder,94.11
199,2024-11-01,Protein Powder,90.74
199,2024-11-16,Protein Powder,95.3
199,2025-04-22,Shaker Bottle,26.62
199,2025-07-06,Membership Upgrade,103.68
200,2025-08-27,Membership Upgrade,33.19
200,2024-04-04,Protein Powder,23.1
200,2024-06-27,Shaker Bottle,115.4
200,2024-06-17,Shaker Bottle,47.9
201,2025-05-30,Pre-Workout,27.52
201,2025-07-07,Pre-Workout,88.33
201,2024-11-24,Protein Powder,23.46
201,2025-02-18,T-Shirt,79.4
201,2024-12-01,Pre-Workout,100.35
201,2024-12-22,T-Shirt,57.45
201,2025-03-22,T-Shirt,73.04
201,2025-01-06,T-Shirt,81.52
201,2025-04-11,Pre-Workout,75.53
201,2025-01-26,T-Shirt,88.28
202,2025-02-17,Protein Powder,114.73
202,2025-09-30,Protein Powder,107.8
203,2025-08-22,Shaker Bottle,34.57
203,2025-05-06,Shaker Bottle,87.96
204,2025-08-16,Pre-Workout,80.56
204,2025-04-11,Pre-Workout,38.01
204,2025-01-25,Membership Upgrade,67.54
204,2025-01-13,T-Shirt,113.92
204,2025-08-19,Membership Upgrade,86.33
204,2024-12-30,Pre-Workout,77.74
204,2025-09-26,Protein Powder,47.85
205,2024-12-24,Pre-Workout,66.74
205,2025-04-17,Shaker Bottle,61.16
205,2024-10-10,Pre-Workout,101.3
205,2025-05-15,Pre-Workout,67.49
205,2024-11-28,Pre-Workout,29.32
205,2025-02-06,Pre-Workout,114.0
205,2024-10-24,Protein Powder,87.88
206,2025-09-11,Pre-Workout,95.22
206,2025-09-02,Membership Upgrade,96.59
206,2025-08-20,Protein Powder,59.98
207,2025-01-07,Protein Powder,24.36
207,2024-11-14,Membership Upgrade,104.81
207,2024-08-08,Pre-Workout,25.82
207,2025-08-26,Shaker Bottle,82.19
207,2025-03-09,Shaker Bottle,33.03
207,2025-04-24,T-Shirt,43.73
207,2024-06-15,Membership Upgrade,32.38
207,2025-04-13,T-Shirt,111.67
208,2025-09-02,Membership Upgrade,116.57
208,2024-09-25,T-Shirt,113.89
209,2024-11-28,T-Shirt,92.72
209,2025-04-10,Membership Upgrade,23.18
209,2025-08-21,Protein Powder,81.26
209,2025-02-07,T-Shirt,45.4
210,2025-04-26,Protein Powder,36.0
210,2025-01-27,Protein Powder,60.81
210,2025-04-01,T-Shirt,80.47
210,2025-02-05,Pre-Workout,111.06
210,2025-04-30,T-Shirt,72.34
211,2024-12-17,Membership Upgrade,97.54
211,2025-06-22,Pre-Workout,78.15
211,2024-10-26,Membership Upgrade,63.51
211,2024-09-13,Membership Upgrade,104.42
211,2024-12-08,Membership Upgrade,113.94
211,2025-06-29,T-Shirt,40.3
211,2025-01-24,Membership Upgrade,20.54
212,2025-07-25,Pre-Workout,74.51
212,2025-03-11,Protein Powder,68.76
212,2025-08-09,Shaker Bottle,38.22
212,2025-09-21,T-Shirt,23.48
212,2025-08-23,T-Shirt,87.86
213,2025-04-10,Shaker Bottle,69.72
214,2025-08-10,Pre-Workout,71.79
214,2024-10-11,Shaker Bottle,109.77
214,2025-09-07,T-Shirt,56.39
214,2024-11-26,Pre-Workout,31.49
214,2025-06-30,Shaker Bottle,88.05
214,2025-06-09,Shaker Bottle,42.81
215,2024-11-26,Pre-Workout,81.99
215,2024-04-15,T-Shirt,82.68
215,2024-05-18,Shaker Bottle,64.33
216,2025-03-27,T-Shirt,117.59
216,2025-07-16,Membership Upgrade,54.39
216,2025-08-16,Membership Upgrade,26.01
216,2025-02-21,Pre-Workout,59.05
216,2025-04-19,Shaker Bottle,113.3
217,2025-05-04,Shaker Bottle,71.12
217,2025-08-18,T-Shirt,39.31
217,2024-08-06,Protein Powder,63.53
218,2025-02-07,Protein Powder,116.21
218,2025-08-11,Pre-Workout,53.39
218,2025-03-06,Protein Powder,105.11
218,2025-07-18,Membership Upgrade,109.84
218,2025-09-24,T-Shirt,115.31
219,2024-08-04,Pre-Workout,59.68
219,2024-12-10,Membership Upgrade,41.2
219,2025-01-09,Shaker Bottle,97.56
219,2025-05-14,Protein Powder,106.08
220,2024-07-06,Protein Powder,88.76
220,2024-03-15,Protein Powder,77.99
220,2025-06-15,T-Shirt,95.79
220,2025-03-30,Protein Powder,54.37
220,2025-09-12,Pre-Workout,85.33
221,2024-09-14,Protein Powder,33.33
221,2024-08-22,Shaker Bottle,102.32
222,2025-06-28,T-Shirt,110.46
222,2025-05-01,Membership Upgrade,105.07
222,2025-05-24,Pre-Workout,86.22
222,2025-03-11,Protein Powder,65.7
222,2025-09-01,Membership Upgrade,64.6
223,2025-03-09,Pre-Workout,78.29
223,2025-08-09,Membership Upgrade,24.55
223,2025-09-09,Protein Powder,64.95
224,2025-07-03,Shaker Bottle,39.26
224,2024-11-16,T-Shirt,56.31
224,2025-08-17,Shaker Bottle,47.94
224,2025-08-05,Pre-Workout,89.29
224,2025-09-06,Membership Upgrade,87.67
225,2025-02-08,Protein Powder,58.88
225,2025-04-09,T-Shirt,61.54
225,2024-12-21,T-Shirt,78.19
225,2024-11-11,Protein Powder,37.8
226,2025-03-01,Protein Powder,38.06
226,2025-04-15,Shaker Bottle,21.27
226,2025-01-16,Membership Upgrade,67.76
226,2025-05-07,Protein Powder,91.52
226,2025-07-04,Shaker Bottle,72.02
227,2025-03-04,T-Shirt,101.6
227,2025-01-24,Pre-Workout,26.6
227,2025-02-15,Membership Upgrade,41.31
227,2024-12-08,Protein Powder,39.32
227,2025-01-05,Protein Powder,45.01
227,2025-06-06,Membership Upgrade,85.83
227,2025-09-05,Membership Upgrade,46.93
227,2024-08-30,Protein Powder,109.54
228,2025-04-14,T-Shirt,108.7
228,2025-08-20,Protein Powder,85.63
228,2024-12-04,Protein Powder,91.34
228,2025-01-03,Protein Powder,54.56
229,2025-07-04,Shaker Bottle,37.13
230,2024-04-08,Membership Upgrade,97.57
230,2025-07-14,Shaker Bottle,84.29
230,2024-07-31,T-Shirt,99.02
230,2024-06-17,Membership Upgrade,82.16
230,2024-09-21,Pre-Workout,69.41
230,2024-06-23,Membership Upgrade,54.61
230,2025-04-22,Shaker Bottle,55.83
230,2024-08-17,T-Shirt,75.82
230,2024-02-23,Pre-Workout,37.68
231,2025-06-26,Shaker Bottle,103.94
231,2025-05-30,Pre-Workout,57.15
231,2025-07-17,T-Shirt,81.58
231,2025-02-03,T-Shirt,46.56
232,2025-01-10,Protein Powder,89.64
232,2025-05-28,T-Shirt,45.59
232,2025-05-15,Shaker Bottle,23.19
232,2024-09-30,Membership Upgrade,34.57
232,2025-04-25,Protein Powder,67.25
232,2024-12-10,T-Shirt,58.64
233,2025-04-24,T-Shirt,104.14
233,2025-03-27,Protein Powder,92.97
233,2025-08-31,Protein Powder,71.44
233,2025-09-06,Pre-Workout,50.61
234,2025-02-17,Membership Upgrade,39.45
234,2025-06-23,Shaker Bottle,45.59
234,2025-06-03,Membership Upgrade,95.82
234,2025-05-11,T-Shirt,21.81
234,2025-04-17,Membership Upgrade,115.38
234,2024-10-02,Pre-Workout,62.42
235,2025-04-23,Protein Powder,31.93
235,2025-05-23,Shaker Bottle,115.27
235,2025-09-19,Protein Powder,118.7
235,2025-03-31,Protein Powder,64.29
236,2025-06-06,Pre-Workout,63.33
236,2024-12-13,Protein Powder,119.03
236,2025-09-14,Membership Upgrade,49.27
237,2025-09-09,Protein Powder,63.42
237,2025-07-15,Protein Powder,21.23
237,2025-03-09,Shaker Bottle,57.01
237,2025-07-23,Membership Upgrade,107.22
237,2025-07-30,Pre-Workout,58.69
238,2025-07-23,Membership Upgrade,21.32
238,2024-09-12,Protein Powder,52.0
238,2025-01-29,Membership Upgrade,67.93
238,2025-04-02,Pre-Workout,23.99
238,2025-04-07,Protein Powder,98.84
238,2025-01-12,Protein Powder,104.49
238,2025-08-18,Pre-Workout,26.68
238,2024-04-02,Protein Powder,80.11
239,2024-06-30,T-Shirt,24.04
239,2025-04-22,Membership Upgrade,36.23
240,2025-03-06,Membership Upgrade,29.05
240,2025-02-26,Protein Powder,50.77
240,2025-08-10,Protein Powder,108.34
240,2025-06-11,T-Shirt,99.28
240,2025-02-02,Shaker Bottle,30.55
241,2025-09-07,Shaker Bottle,57.32
241,2025-07-28,T-Shirt,75.12
241,2025-06-12,Protein Powder,77.77
241,2025-02-25,Protein Powder,103.81
241,2025-02-19,Pre-Workout,82.17
242,2025-03-30,Pre-Workout,116.02
242,2025-08-25,Protein Powder,104.32
242,2025-05-22,Pre-Workout,23.35
242,2024-11-17,T-Shirt,110.79
242,2025-08-03,Protein Powder,32.17
243,2025-07-06,Protein Powder,59.63
243,2025-03-27,Protein Powder,95.09
243,2025-09-13,T-Shirt,78.43
243,2024-08-14,Membership Upgrade,22.07
243,2024-12-29,T-Shirt,66.57
243,2024-06-08,T-Shirt,22.94
244,2025-03-23,Protein Powder,60.68
244,2025-09-29,T-Shirt,84.46
244,2024-06-29,Pre-Workout,105.18
244,2024-09-07,Shaker Bottle,20.46
244,2025-06-13,Pre-Workout,44.7
244,2025-03-24,Protein Powder,45.63
245,2025-07-18,Membership Upgrade,81.31
245,2024-10-12,T-Shirt,48.39
245,2025-06-14,Shaker Bottle,93.94
245,2024-11-09,Membership Upgrade,54.5
245,2025-08-26,Protein Powder,90.78
246,2025-09-07,Membership Upgrade,57.94
246,2025-09-25,T-Shirt,76.56
246,2025-06-27,Shaker Bottle,117.02
246,2024-12-29,T-Shirt,66.22
246,2025-01-28,Pre-Workout,96.89
246,2025-07-21,Membership Upgrade,113.13
246,2025-02-26,Pre-Workout,101.23
247,2025-02-09,Protein Powder,82.6
247,2024-09-15,Pre-Workout,65.89
247,2024-09-29,Membership Upgrade,20.98
247,2024-10-15,Membership Upgrade,106.38
247,2024-12-07,Pre-Workout,37.14
248,2024-08-28,Shaker Bottle,57.52
248,2025-02-01,Pre-Workout,109.54
248,2025-04-18,Protein Powder,63.06
249,2025-07-22,Pre-Workout,102.55
249,2024-10-26,Shaker Bottle,42.41
249,2024-10-05,T-Shirt,25.84
249,2025-01-25,Membership Upgrade,69.05
249,2024-10-06,Pre-Workout,50.82
250,2025-07-19,Protein Powder,57.73
250,2025-03-12,T-Shirt,42.72
250,2025-05-04,T-Shirt,47.45
250,2025-02-15,Pre-Workout,24.01
250,2025-08-01,T-Shirt,71.7
250,2025-01-26,Shaker Bottle,48.98
250,2025-03-15,Membership Upgrade,29.58
251,2025-07-16,Membership Upgrade,81.25
251,2025-08-04,Shaker Bottle,104.32
251,2025-07-20,Shaker Bottle,34.28
251,2025-03-01,Protein Powder,56.56
251,2025-01-18,Shaker Bottle,58.17
251,2025-05-16,Shaker Bottle,52.2
251,2025-08-11,Shaker Bottle,79.63
251,2025-03-23,Protein Powder,66.55
251,2025-03-07,T-Shirt,97.0
252,2024-12-28,T-Shirt,96.47
252,2025-07-22,Protein Powder,50.76
252,2025-06-05,Membership Upgrade,38.62
252,2025-03-05,T-Shirt,75.43
252,2025-04-21,Pre-Workout,89.86
252,2025-02-18,Membership Upgrade,59.69
253,2024-11-11,Shaker Bottle,104.83
253,2025-06-02,Protein Powder,49.68
253,2024-11-14,Shaker Bottle,35.32
253,2025-02-14,Protein Powder,56.01
253,2025-06-21,Protein Powder,33.68
254,2025-08-25,T-Shirt,110.98
254,2025-05-08,Pre-Workout,65.84
254,2025-07-18,Pre-Workout,57.4
254,2025-03-10,Protein Powder,34.3
254,2025-05-15,Membership Upgrade,107.35
254,2025-06-05,T-Shirt,54.64
255,2024-10-16,Protein Powder,102.73
255,2024-11-13,T-Shirt,63.4
255,2025-03-11,Shaker Bottle,66.26
255,2025-01-06,Membership Upgrade,56.41
255,2024-07-12,Protein Powder,28.6
255,2024-12-11,T-Shirt,22.93
255,2025-08-27,Shaker Bottle,93.97
256,2024-08-12,Shaker Bottle,64.22
256,2024-12-27,T-Shirt,75.75
256,2025-03-08,Shaker Bottle,70.77
256,2024-08-30,Protein Powder,108.5
256,2024-09-07,Membership Upgrade,60.7
257,2025-03-04,T-Shirt,36.64
257,2025-05-29,Membership Upgrade,48.52
257,2025-04-15,Protein Powder,87.4
257,2025-08-08,Pre-Workout,29.91
257,2025-06-30,Membership Upgrade,79.24
257,2025-07-11,Protein Powder,21.48
257,2025-04-28,Shaker Bottle,116.34
257,2025-09-06,Pre-Workout,95.62
258,2025-06-12,Protein Powder,110.03
258,2025-03-01,Membership Upgrade,43.23
258,2025-05-06,Shaker Bottle,87.23
258,2025-01-22,Shaker Bottle,20.88
258,2025-07-14,Pre-Workout,101.4
258,2025-07-23,Shaker Bottle,89.69
259,2025-03-17,Shaker Bottle,62.96
259,2024-08-22,Membership Upgrade,36.72
259,2024-10-28,Pre-Workout,53.66
259,2024-08-24,Shaker Bottle,89.44
259,2025-01-04,Membership Upgrade,116.41
260,2025-08-03,Shaker Bottle,84.51
260,2025-07-12,T-Shirt,66.28
260,2024-11-12,Shaker Bottle,63.93
260,2024-11-05,Membership Upgrade,43.35
260,2025-03-22,Shaker Bottle,117.28
261,2025-03-12,Pre-Workout,106.59
261,2025-05-18,Shaker Bottle,61.67
261,2024-11-01,Protein Powder,29.74
261,2024-09-28,Membership Upgrade,88.04
261,2025-03-24,T-Shirt,35.32
261,2024-12-16,Shaker Bottle,86.85
261,2025-07-01,Pre-Workout,101.89
261,2025-06-10,Protein Powder,57.53
262,2024-11-07,T-Shirt,118.36
262,2025-05-31,Protein Powder,96.45
262,2025-02-15,Pre-Workout,99.98
262,2025-01-12,Membership Upgrade,101.55
262,2024-10-06,Pre-Workout,45.41
262,2025-05-28,Shaker Bottle,97.11
262,2024-09-16,Protein Powder,39.68
262,2024-11-27,Pre-Workout,87.35
264,2024-11-21,T-Shirt,108.25
264,2024-08-22,Shaker Bottle,61.08
264,2024-06-24,Membership Upgrade,44.09
265,2025-02-04,T-Shirt,90.8
265,2025-04-27,T-Shirt,100.38
265,2024-06-16,Membership Upgrade,57.74
265,2025-04-02,T-Shirt,21.37
265,2024-05-11,T-Shirt,61.11
265,2025-04-10,Membership Upgrade,32.72
265,2024-12-23,Shaker Bottle,97.85
266,2024-03-24,Membership Upgrade,103.2
266,2025-08-07,Pre-Workout,104.21
266,2025-09-03,T-Shirt,77.93
266,2024-04-26,T-Shirt,50.23
267,2024-12-30,T-Shirt,67.0
267,2024-09-03,Shaker Bottle,85.63
267,2025-08-27,Membership Upgrade,118.8
267,2025-05-30,Pre-Workout,27.98
267,2025-08-06,Protein Powder,100.75
268,2025-06-13,T-Shirt,61.52
268,2025-05-15,Membership Upgrade,28.25
268,2024-10-10,Pre-Workout,71.1
268,2025-08-05,Protein Powder,64.78
268,2024-07-19,Pre-Workout,34.17
268,2024-03-29,Shaker Bottle,48.96
269,2025-04-12,Membership Upgrade,117.09
269,2025-09-27,Pre-Workout,101.86
269,2024-12-09,Membership Upgrade,74.86
269,2024-11-26,Shaker Bottle,24.55
269,2025-06-13,T-Shirt,63.92
269,2024-11-29,T-Shirt,89.65
269,2024-11-16,Shaker Bottle,104.64
269,2025-01-25,T-Shirt,105.71
270,2025-09-06,Membership Upgrade,96.74
270,2024-11-25,Protein Powder,75.53
270,2024-11-30,Protein Powder,67.36
270,2024-11-01,Protein Powder,112.92
270,2024-12-24,T-Shirt,27.96
271,2024-12-09,Protein Powder,81.91
271,2025-03-23,Protein Powder,104.18
271,2024-08-30,T-Shirt,88.19
271,2025-02-16,Shaker Bottle,118.35
272,2024-10-31,Protein Powder,97.3
272,2024-11-16,Shaker Bottle,107.87
272,2025-09-16,T-Shirt,54.38
272,2025-02-27,T-Shirt,114.62
272,2024-12-09,T-Shirt,65.64
272,2025-04-22,Pre-Workout,81.86
273,2025-04-12,T-Shirt,25.86
273,2024-04-24,Pre-Workout,93.52
274,2024-11-29,Shaker Bottle,57.46
274,2025-04-17,Membership Upgrade,71.77
274,2024-08-17,T-Shirt,31.82
274,2025-08-10,Membership Upgrade,20.0
274,2024-02-19,Shaker Bottle,118.79
274,2025-01-31,Protein Powder,72.39
274,2024-09-30,Shaker Bottle,66.22
274,2024-12-27,Protein Powder,46.94
274,2024-05-04,Membership Upgrade,66.48
274,2025-06-15,Protein Powder,55.25
274,2024-04-23,Protein Powder,30.45
275,2024-02-17,Protein Powder,30.29
275,2025-08-15,Protein Powder,96.65
275,2025-05-25,Membership Upgrade,83.89
275,2025-04-17,T-Shirt,44.23
275,2024-07-25,Shaker Bottle,69.71
276,2025-03-28,Pre-Workout,60.14
277,2025-06-18,Pre-Workout,56.73
277,2025-01-05,Membership Upgrade,49.09
277,2024-12-31,Protein Powder,51.29
277,2025-02-22,Membership Upgrade,117.35
277,2024-12-11,Pre-Workout,44.8
277,2025-02-12,Protein Powder,81.95
277,2025-08-20,T-Shirt,73.93
277,2025-01-04,Pre-Workout,112.18
277,2025-07-25,Pre-Workout,97.46
278,2025-06-05,Shaker Bottle,65.3
279,2025-02-19,T-Shirt,83.59
279,2025-06-16,Shaker Bottle,93.52
279,2024-12-08,Shaker Bottle,61.77
279,2025-02-16,Shaker Bottle,78.98
280,2025-09-27,Membership Upgrade,77.6
280,2025-03-09,Membership Upgrade,102.43
280,2024-12-24,Pre-Workout,47.4
280,2024-02-27,Membership Upgrade,60.37
280,2025-06-13,Membership Upgrade,106.86
281,2024-03-03,Shaker Bottle,55.13
281,2025-06-28,Protein Powder,103.88
281,2024-08-03,Membership Upgrade,62.81
281,2025-08-22,T-Shirt,85.15
281,2024-05-24,Membership Upgrade,117.55
281,2024-09-19,T-Shirt,113.37
282,2025-06-16,Membership Upgrade,39.5
282,2024-09-30,Shaker Bottle,21.37
282,2025-02-25,T-Shirt,61.18
282,2025-05-08,Pre-Workout,114.46
282,2025-09-11,Shaker Bottle,36.44
283,2024-12-09,Membership Upgrade,80.45
284,2025-02-12,Protein Powder,77.83
284,2025-09-11,Shaker Bottle,61.24
284,2025-02-01,Membership Upgrade,54.2
284,2025-09-08,Shaker Bottle,74.63
285,2024-09-09,Shaker Bottle,67.63
285,2024-11-05,Membership Upgrade,66.4
285,2024-05-26,T-Shirt,26.99
285,2025-06-03,Protein Powder,65.94
285,2025-06-27,Shaker Bottle,42.97
285,2024-11-21,Protein Powder,80.07
285,2025-06-26,Shaker Bottle,33.73
285,2025-01-10,Shaker Bottle,67.62
286,2025-04-11,Pre-Workout,22.98
286,2025-03-19,Membership Upgrade,91.97
286,2025-09-05,T-Shirt,97.41
286,2024-11-29,T-Shirt,66.5
286,2025-03-11,Protein Powder,58.39
286,2024-12-08,Pre-Workout,100.09
286,2025-05-10,Pre-Workout,64.82
287,2025-03-14,Membership Upgrade,77.04
287,2025-07-08,Pre-Workout,40.77
287,2024-12-19,Membership Upgrade,74.42
287,2025-04-19,Membership Upgrade,85.34
287,2025-03-18,T-Shirt,44.82
287,2024-12-26,Protein Powder,43.03
288,2025-03-13,T-Shirt,118.83
288,2025-01-24,Pre-Workout,95.16
288,2025-02-07,Shaker Bottle,85.12
288,2024-11-27,Protein Powder,34.31
288,2025-06-30,Membership Upgrade,58.65
288,2024-10-22,Pre-Workout,35.19
289,2025-06-10,Pre-Workout,71.44
289,2025-08-22,T-Shirt,22.96
289,2024-10-21,Pre-Workout,103.5
289,2025-07-28,Membership Upgrade,100.69
290,2024-12-04,Membership Upgrade,47.77
290,2024-10-09,Shaker Bottle,112.16
290,2025-08-10,T-Shirt,111.27
290,2025-05-13,Pre-Workout,96.32
290,2025-07-26,Shaker Bottle,27.56
291,2025-03-15,Membership Upgrade,76.79
291,2024-06-19,T-Shirt,66.35
291,2025-05-03,T-Shirt,24.49
291,2025-08-26,Shaker Bottle,39.14
292,2025-06-15,T-Shirt,29.62
292,2025-07-24,Protein Powder,113.43
292,2025-03-08,Protein Powder,66.16
292,2025-02-09,T-Shirt,51.32
292,2025-05-08,Protein Powder,115.36
292,2025-01-13,Protein Powder,27.19
293,2024-11-02,Shaker Bottle,90.63
293,2025-04-29,Pre-Workout,44.9
293,2025-02-03,Protein Powder,47.49
293,2025-09-23,T-Shirt,21.17
294,2024-11-23,Membership Upgrade,28.83
294,2025-06-07,T-Shirt,103.21
294,2025-04-17,Shaker Bottle,111.88
294,2025-04-24,Membership Upgrade,97.48
294,2024-12-28,Protein Powder,51.89
295,2024-11-14,Pre-Workout,67.22
295,2024-11-18,Shaker Bottle,108.47
295,2025-05-06,Membership Upgrade,80.1
295,2025-03-08,Protein Powder,112.55
296,2025-09-22,Shaker Bottle,74.52
296,2025-09-29,Pre-Workout,109.11
296,2024-08-16,Membership Upgrade,53.93
297,2025-09-18,T-Shirt,52.64
297,2025-05-24,Protein Powder,109.57
297,2025-02-09,Protein Powder,112.17
297,2025-02-16,Protein Powder,33.61
297,2025-04-20,Protein Powder,26.83
297,2025-02-11,Protein Powder,64.4
297,2025-02-19,Shaker Bottle,113.91
298,2024-10-21,Shaker Bottle,78.33
298,2024-10-09,Membership Upgrade,41.93
298,2024-12-03,Protein Powder,31.56
299,2025-05-31,Protein Powder,85.81
299,2025-03-17,Shaker Bottle,118.2
299,2025-03-09,Pre-Workout,61.38
299,2025-06-26,Pre-Workout,41.47
300,2024-10-16,Pre-Workout,83.55
300,2025-07-31,Shaker Bottle,104.35
300,2025-03-15,T-Shirt,107.84
300,2025-02-05,Shaker Bottle,109.8
300,2024-09-27,T-Shirt,80.59
300,2024-09-15,Protein Powder,77.93
300,2025-07-29,Shaker Bottle,29.36
300,2025-07-20,Protein Powder,46.86
